<manager id="1">
  <registrations id="2">
    <registration id="3">
      <id>1</id>
      <participant id="4">
        <name>Brent</name>
      </participant>
      <event id="5">
        <name>Partay</name>
        <eventDate id="6">2016-09-01</eventDate>
        <startTime id="7">11:00:00</startTime>
        <endTime id="8">12:00:00</endTime>
      </event>
    </registration>
    <registration id="9">
      <id>1</id>
      <participant reference="4"/>
      <event reference="5"/>
    </registration>
    <registration id="10">
      <id>1</id>
      <participant reference="4"/>
      <event reference="5"/>
    </registration>
    <registration id="11">
      <id>2</id>
      <participant id="12">
        <name>Ian Bennet</name>
      </participant>
      <event id="13">
        <name>TechFair!</name>
        <eventDate id="14">2016-09-28</eventDate>
        <startTime id="15">10:00:00</startTime>
        <endTime id="16">15:00:00</endTime>
      </event>
    </registration>
    <registration id="17">
      <id>1</id>
      <participant reference="4"/>
      <event reference="5"/>
    </registration>
    <registration id="18">
      <id>2</id>
      <participant reference="4"/>
      <event reference="5"/>
    </registration>
    <registration id="19">
      <id>3</id>
      <participant reference="4"/>
      <event reference="5"/>
    </registration>
  </registrations>
  <participants id="20">
    <participant reference="4"/>
    <participant reference="12"/>
  </participants>
  <events id="21">
    <event reference="5"/>
    <event reference="13"/>
  </events>
</manager>